experiment_id,status,hypothesis,validation,primary_metric,notes
E000,completed,"Anchor hold is a strong safe baseline","True-start replay on all 773 wells",15.9099,"Public LB 15.883; submission ref 54778368; CV/LB gap 0.0269"
E001,rejected,"U=TVT+Z prefix trend beats direct TVT trend","True-start replay on all 773 wells",42.2488,"Best tested U trend was much worse than anchor; U-hold RMSE 107.4948"
E002,planned,"Well-group residual Ridge/GBM beats row-wise absolute regression","GroupKFold by well",pooled_rmse,"Target anchor residual or U residual"
E003,planned,"Affine-calibrated multi-scale NCC/DTW adds GR alignment signal","Multi-cut by well",pooled_rmse,"Compare typewell and lateral-prefix reference"
E004,planned,"Second-order PF/beam improves long and high-Z-span wells","Multi-cut by well",pooled_rmse,"Track wrong-branch rate and runtime"
E005,planned,"HMM posterior mean/std complements PF","Multi-cut by well",pooled_rmse,"Measure error correlation and uncertainty calibration"
E006,planned,"Neighbor profile transfer helps only close same-group wells","Spatially separated group CV",pooled_rmse,"Gate by distance and typewell hash"
E007,planned,"Prefix-gated dual pipeline blend reduces tail error","Nested multi-cut validation",pooled_rmse,"No public-LB weight tuning"
E008,rejected,"A compact first-order TVT HMM adds stable GR signal","Deterministic five-well smoke test",26.4980,"Anchor was 10.3099; one win in five; kept as an explicit negative result"
E009,completed,"A heavily shrunk direct-TVT tail trend improves the anchor","Five-fold by-well OOF on all 773 wells",15.8350,"Full-fit alpha 0.025046; gain too small to spend a daily submission"
E010,completed,"A multi-seed U-state particle tracker complements anchor hold","Two disjoint-seed true-start replays on all 773 wells",13.2317,"Fixed 62.5% joint pooled RMSE; individual RMSE 13.1119/13.3505; OOF learned-weight RMSE 13.1544/13.3577; public LB 12.774; ref 54779893"
E011,failed,"The public DWT notebook can be reproduced from current dependencies","Kaggle private rerun",artifact_mismatch,"Current artifact directory exists but expected models.pkl files are absent; no submission made"
E012,completed,"A base-plus-one particle run is an independent seed replication","Explicit seed-set intersection and disjoint 773-well audit",7_of_8_overlap,"Hypothesis rejected: adjacent eight-seed ranges share seven streams; disjoint fixed-blend RMSE 13.3505"
E013,completed,"Prefix-only robust affine GR calibration reduces typewell/horizontal measurement mismatch","Visible-prefix audit on all 773 wells",0.9348,"Median calibrated/raw residual RMSE ratio; 96.12% of wells improve; no gain guard triggered"
E014,completed,"Visible prediction distance can distinguish calibration variants from independent model families","Exact sample-order comparison across six audited candidate outputs",9.4121,"Public rebuild vs dual-track RMS delta 0.0110 ft; public rebuild vs safe rebuild identical; earlier particle vs public rebuild 9.4121 ft"
E015,completed,"Higher likelihood temperature and more independent particle seeds improve the stable particle floor","True-start replay on all 773 wells with 300 particles and 16 seeds",12.7989,"Best fixed candidate was 65% particle blend; particle-only 13.7321; anchor 15.9099; 61.97% well win rate; not submitted"
E016,completed,"Five recent public-source routes can be independently reproduced and scored under exact artifact lineage","Completed private Kaggle runs plus sample-order finite-value and SHA-256 audits",7.010,"Scores 9.571/7.123/7.010/7.170/7.130; best A04 ref 54809311; public rebuild and safe visible hashes matched but hidden scores differed by 2.441; daily budget exactly 5/5"
E017,completed,"Cycle8, RobustPF, grouped OOF meta, Prefix-GR WellBias, and adaptive LGB/ET provide distinct D19 hidden-execution tests","Completed private Kaggle runs plus exact output-contract audits",6.988,"Final scores: WellBias 6.988 / RobustPF 7.454 / OOF Meta 7.866 / Cycle8 7.960 / LGB 10.308; refs 54820920/54820459/54820549/54820520/54824801; RobustPF and Cycle8 visible predictions were numerically identical but scored 0.506 apart; daily budget exactly 5/5"
E018,rejected,"Model-package gmax micro-variants provide a submission-scale improvement","Exact sample-order output-distance audit plus public ablation bound",0.005488,"gmax 0.0075 vs 0.010 visible RMS; both within 0.021953 ft of Cycle8 and inside measured rerun-noise scale"
E019,completed,"Nearby same-direction wells provide useful transferable TVT suffix shape","Leave-one-well-out CV on all 773 wells with fixed distance, donor-count, and blend grids",15.6153,"Best: <=750 ft, up to five donors, 30% blend, 69.86% coverage; anchor about 15.9099; useful but far behind 7.x and not submitted"
E020,completed,"MHA midpoint-hedge continuation and prefix-only refinements can improve the 6.988 WellBias reference","Private Kaggle reruns plus exact output-contract audits and five D20 code submissions",6.934,"Final scores MHA140/MHA160/MHA180/A12/MHA160+WellBias = 6.979/6.958/6.941/6.979/6.934; refs 54845744/54845785/54845963/54846028/54846177; alpha ladder monotonic; WellBias complement improved standalone MHA160 by 0.024; all five audits passed; budget exactly 5/5"
E021,completed,"The public MHA250SEP2 frontier and its WellBias combinations can improve the 6.934 D20 best","Two exact public reproductions plus one alpha step and a 2x2 WellBias interaction subset under private-run audits",6.829,"Final scores 6.858/6.849/6.855/6.832/6.829 for refs 54869017/54869048/54869266/54869268/54869492; WellBias improved both SEP2 alpha settings by 0.026 and alpha 2.6 improved alpha 2.5 by 0.003 in both rows; all audits passed; budget exactly 5/5"
E022,completed,"The public 6.594 P100 trajectory and a controlled cap-by-WellBias grid can improve the 6.829 D21 best","Exact public-output reproduction plus cap 2.5/3.0 ladder and cap 2/2.5 crossed with grouped-OOF WellBias",6.638,"Final scores 6.667/6.667/6.667/6.638/6.638 for refs 54895366/54895437/54895837/54896174/54896197; WellBias improved both matched rows by 0.029 while the cap-only ladder was flat; all five audits passed; budget exactly 5/5"
E023,completed,"Distinct current public postprocessors and a WellBias cross can improve the 6.638 D22 best","Private reruns of A27 shape A31 Toe tilt A28 PF blend U-continuity8 and A27 plus grouped-OOF WellBias with exact output audits",6.476,"Scores A27/A31/U-continuity8/A27+WellBias = 6.476/6.546/6.617/6.562; A28 ref 54918138 exceeded hidden runtime and produced no score; refs 54917836/54917838/54918138/54918139/54918377; budget 5/5"
E024,completed,"The measured A27 shape frontier and its interaction with A31 can improve the 6.476 D23 best","Private A27 weight grid 0.08/0.12/0.15 plus A27 weights 0.10/0.12 crossed with zero-mean 0.18-ft Toe tilt",6.511,"Scores 6.539/6.528/6.549/6.511/6.525 for refs 54941181/54941242/54941455/54941513/54941756; D23 A27 remains best at 6.476; all audits passed; budget exactly 5/5"
E025,completed,"Current-source A28 and GS1.30 frontier routes plus A27 smoothing and clipping ablations can improve the 6.476 record","Two current public-source private routes plus A27 median/mean windows 15/7 and 61/21 and a 0.25-ft clip",6.469,"Scores 6.547/6.469/no-score/6.485/6.536 for refs 54966176/54966324/54966407/54966525/54966580; ref 54966407 exceeded hidden runtime; A27 15/7 is the new best; budget exactly 5/5"
E026,completed,"The current A28/Q0522 pair blend and smaller A27 smoothing scales can improve the 6.469 record","Current-source pair blend plus A27 median/mean windows 7/3 11/5 13/7 and 19/9",6.530,"Scores no-score/6.555/6.563/6.593/6.530 for refs 54988991/54988992/54988994/54989268/54989315; ref 54988991 exceeded hidden runtime; none beat D25 A27 15/7 at 6.469; smoothing-window micro-grids retired; budget exactly 5/5"
E027,completed,"One exact current public-frontier reproduction plus four hidden-run-compatible structural mechanisms can move toward 5.5","Exact Frontier II plus residual post-contact GR datum posterior adaptive branch gating and six-formation contact consensus",7.504,"Scores 7.513/7.570/8.152/7.661/7.504 for refs 55015407/55015697/55015700/55015791/55015938; every route regressed against D25 A27 6.469; all output audits passed; D27 structural routes retired"
E028,completed,"A current-source 6.213 reproduction and four controlled extensions of measured A27 can improve the 6.469 record","Exact Leonid source plus A27 crossed with dynamic Q0522 U-continuity8 and higher-resolution PF192/P650",6.486,"Scores 6.520/6.486/6.576/no-score/no-score for refs 55046933/55047312/55047700/55048063/55048532; refs 55048063 and 55048532 exceeded hidden runtime; none beat D25 A27 6.469; full Q0522 U-continuity and PF-resolution micro-tuning retired"
E029,completed,"Signed half-Q non-branch shape and short boundary corrections around measured A27 can improve the 6.469 record","A27 stochastic refresh plus Q+0.261 Q-0.261 non-branch shape and boundary soft80",6.455,"Scores 6.541/6.517/6.560/6.455/6.530 for refs 55072903/55073402/55073985/55074584/55075184; non-branch shape improved D25 A27 by 0.014 but remained below the 0.030 parent-promotion threshold; every accepted private V1 audit passed; transient empty-mount failures rejected without submission"
E030,completed,"GS1.60 seed-bank variance control and bounded non-branch or prefix-U interactions can improve the 6.455 record","Five exact private Code submissions after ordered-ID finite-value SHA-256 distance and fatal-log audits",6.502,"D30 final 5/5 at refs 55096121/55096688/55097369/55097978/55098546; scores 6.526/6.517/no-score/6.502/no-score; refs 55097369 and 55098546 failed hidden submission format; none beat D29 6.455"
E031,completed,"An exact audited public 6.390 claimant plus whole-output risk blends and the measured non-branch delta can generalize beyond a one-quarter public leaderboard sample","Exact Blacklions v6 source reproduction then 75/25 50/50 and 25/75 champion-D29 blends plus champion with the measured D29-minus-D25 non-branch delta",6.507,"D31 final 5/5 at refs 55128484/55129144/55129811/55130546/55131268; exact reproduction scored 6.507 while refs 55129144/55129811/55130546/55131268 failed hidden reruns and produced no score; D29 6.455 remains best"
E032,completed,"Materially distinct current public-Code artifacts and Discussion-guided robust ensembles can generalize better than title duplicates or named-well score directions","Exact GeoAnchor Roman and Tamerlan reproductions then four-way arithmetic consensus and row-wise robust middle-pair consensus",6.499,"D32 final 5/5 at refs 55159859/55160477/55161022/55161568/55162186; exact sources scored 6.517/6.501/6.499; refs 55161568 and 55162186 failed hidden reruns and produced no score; D29 6.455 remains best"
E033,rejected,"Increasing the measured D29 non-branch correction to 10/15/20/25/30% can improve the 6.455 record","Full-source private Code runs plus fail-closed hidden-deployment gate",quarantined,"All five visible outputs passed ID finite SHA and log audits; 30% file SHA 9995106ab5254d580ec1fa0fc9fb993a86bd0ef5ada888e532faf3953db708f0; existing versions are ineligible because the new gate rejects their inherited literal public row-count audit; no competition ref created"
E034,completed,"A hardened full-source 10/15/20/25/30% response curve can extend the measured D29 5% non-branch gain without static visible-output dependencies","Five normalized D29-lineage private GPU runs with corrected deployment gate and 30-minute competition spacing",6.467,"Scores for 10/15/20/25/30% were 6.495/6.532/6.473/6.535/6.467 at refs 55177095/55176648/55177643/55178232/55178688; every ref completed without error; D29 6.455 remains best"
E035,running,"Different full-source executable mechanisms can generalize beyond the public PF weight family","Exact V4 public calibration plus Raunak stack frontier blend physics-informed V2 stack and a low-priority Shift275 calibration probe under D35 exact-upstream gates",pending,"V4 ref 55208568 pending; V4 Raunak and Frontier private V1 gates passed; GBDT-gate and contact-gated private V1 runs rejected after current train-mount resolution produced empty data and KeyError wid; replacement private runs started; budget 1/5"
